ID,IP Address,Query,Timestamp,Response Status
52c75761-10ed-45de-81ce-af6ffb0f2588,127.0.0.1,cat,2024-05-19 17:30:23,True
b6fc9a5a-1270-4777-abe8-0be38e47649c,127.0.0.1,dog,2024-05-19 17:30:33,True
52c75761-10ed-45de-81ce-af6ffb0f2588,127.0.0.1,bike,2024-05-19 17:30:39,True
973de1e2-d7ea-4ad7-b92a-675c4d711c28,127.0.0.1,cow,2024-05-19 17:40:24,True
10bd7b98-9dcf-4056-bf25-231fd7b88eca,127.0.0.1,car,2024-05-19 17:40:34,True
973de1e2-d7ea-4ad7-b92a-675c4d711c28,127.0.0.1,cat,2024-05-19 17:40:43,True
d3b542f7-5502-4f06-ac09-77781b357654,127.0.0.1,bike,2024-05-19 17:52:03,True
b24c4bce-3574-477e-ae50-5263183b9501,127.0.0.1,bike,2024-05-19 17:57:53,True
56eb0448-85af-4011-8ee8-ed162f714ae5,127.0.0.1,bike,2024-05-19 18:10:58,True
caf62743-19e0-4705-9e42-7a73f1ca260a,127.0.0.1,cat,2024-05-19 18:11:29,True
caf62743-19e0-4705-9e42-7a73f1ca260a,127.0.0.1,goku,2024-05-19 18:12:29,True
56eb0448-85af-4011-8ee8-ed162f714ae5,127.0.0.1,gojo,2024-05-19 18:12:39,True
6d3273a9-6c8a-46ba-9d43-a56f39ab6556,127.0.0.1,cat,2024-05-19 18:17:45,True
c84e3682-e325-42ac-9fe8-cff0bbc5c24b,127.0.0.1,cow,2024-05-19 18:17:51,True
18ec03b9-8d34-46a7-a98a-063b253a30af,127.0.0.1,cow,2024-05-20 05:58:28,True
89e2b5e3-19f5-41e4-8da7-6698dc86f5ca,127.0.0.1,code,2024-05-20 06:02:33,True
53a979a3-3c0e-4387-bc65-f70bcbfa0fa1,127.0.0.1,python,2024-05-20 06:05:00,True
9adbee5f-f118-4a96-b77f-1a1ad857b51a,127.0.0.1,nature,2024-05-20 06:19:59,False
d93ec93a-5681-4461-93db-2c10a99a42c0,127.0.0.1,cat,2024-05-20 06:20:08,False
4d81fa25-c875-41ad-bbf4-4fcd4c479901,127.0.0.1,cat,2024-05-20 06:20:10,False
1e01025e-e047-44c5-81a1-a6a7b8a193fc,127.0.0.1,cat,2024-05-20 06:20:23,False
7c2c80c5-ecb7-43ef-a7dd-fabc73690cbe,127.0.0.1,cat,2024-05-20 06:25:43,True
6b6752dc-423e-4d53-9cad-3096921e9e28,127.0.0.1,boot,2024-05-20 06:33:56,True
6b6752dc-423e-4d53-9cad-3096921e9e28,127.0.0.1,sohel,2024-05-20 06:35:35,True
6b6752dc-423e-4d53-9cad-3096921e9e28,127.0.0.1,hinata,2024-05-20 06:40:30,True
84e5cc9e-462d-412b-aff5-e569b92957b3,127.0.0.1,hinata,2024-05-20 08:03:44,True
e1b164dd-2a1c-42fd-86ac-ee5a86d74446,127.0.0.1,goku,2024-05-20 09:02:04,True
e1b164dd-2a1c-42fd-86ac-ee5a86d74446,127.0.0.1,game,2024-05-20 09:02:21,True
e1b164dd-2a1c-42fd-86ac-ee5a86d74446,127.0.0.1,ghost,2024-05-20 09:02:30,True
